<?xml version="1.0" encoding="utf-8"?>
<extension type="library" method="upgrade" version="1.7.0">
    <name>JCMS Library</name>
    <libraryname>jcms</libraryname>
	<author>Tilo-Lars Flasche</author>
	<creationDate>May 2014</creationDate>
	<copyright>Tilo-Lars Flasche</copyright>
	<license>GNU General Public License version 2 or later; see	LICENSE.txt</license>
	<authorEmail>jcms.development@gmail.com</authorEmail>
	<authorUrl>www.joommaster.bplaced.org</authorUrl>
	<version>3.0.1</version>
	<description>LIB_JCMS_XML_DESCRIPTION</description>
	<languages>
		<language tag="en-GB">language/en-GB.lib_jcms.ini</language>
	</languages>
	<files>
		<folder>form</folder>
        <filename>language.php</filename>
        <filename>template.php</filename>
    </files>  
	<updateservers>
		<server type="extension" priority="1" name="JDeveloper Update Site">http://joommaster.bplaced.net/updates/lib_jcms_update.xml</server>
	</updateservers>
</extension>